Column;Initial Label 1;Initial Label 2;Mann-Whitney U statistic;pvalue
Mature;mature;hairpin;1626793359.0;0.0
Mature;mature;rRNA;11657887.5;0.0
Mature;mature;tRNA;13994137.5;0.0
Mature;mature;snoRNA;36562312.5;0.0
Mature;mature;trf;626161822.5;0.0
Mature;hairpin;snoRNA;58505960.0;0.001954467508003791
Mature;hairpin;trf;947282899.5;0.0
Mature;rRNA;trf;6280663.5;0.0
Mature;tRNA;trf;7539313.5;0.0
Mature;snoRNA;trf;19697872.5;0.0
pre-miRNA;mature;hairpin;834349655.0;0.0
pre-miRNA;hairpin;rRNA;19680622.0;6.914173809655947e-05
pre-miRNA;hairpin;tRNA;24039526.5;0.0
pre-miRNA;hairpin;snoRNA;62537888.5;0.0
pre-miRNA;hairpin;trf;1169778075.5;0.0
pre-miRNA;rRNA;tRNA;152346.0;0.00965489845333841
tRNA;mature;tRNA;976851.5;0.0
tRNA;mature;trf;312630041.5;0.0
tRNA;hairpin;tRNA;2760753.0;0.0
tRNA;hairpin;trf;843651204.5;0.0
tRNA;rRNA;tRNA;16217.5;0.0
tRNA;rRNA;trf;5740246.5;0.0
tRNA;tRNA;snoRNA;885674.0;0.0
tRNA;tRNA;trf;14627722.5;0.0
tRNA;snoRNA;trf;18046444.5;0.0
rRNA;mature;rRNA;908514.0;0.0
rRNA;hairpin;rRNA;2433778.5;0.0
rRNA;rRNA;tRNA;278036.0;0.0
rRNA;rRNA;snoRNA;722984.5;0.0
rRNA;rRNA;trf;13474520.5;0.0
snoRNA;mature;hairpin;942529833.0;0.0012532704979521321
snoRNA;mature;snoRNA;5090350.5;0.0
snoRNA;hairpin;snoRNA;14368228.0;0.0
snoRNA;hairpin;trf;1049743483.0;0.0009502572680342901
snoRNA;rRNA;tRNA;150948.0;0.014112871242908203
snoRNA;rRNA;snoRNA;98972.0;0.0
snoRNA;tRNA;snoRNA;114109.5;0.0
snoRNA;snoRNA;trf;39828696.0;0.0
trfs;mature;hairpin;900235233.5;0.0
trfs;mature;rRNA;7347775.0;9.039029473035794e-05
trfs;mature;tRNA;8820275.0;1.855562551641736e-05
trfs;mature;snoRNA;23044625.0;0.0
trfs;mature;trf;152116054.0;0.0
trfs;hairpin;rRNA;20689538.0;0.0
trfs;hairpin;tRNA;24835738.0;0.0
trfs;hairpin;snoRNA;64888030.0;0.0
trfs;hairpin;trf;466741560.0;0.0
trfs;rRNA;trf;2102287.0;0.0
trfs;tRNA;trf;2523587.0;0.0
trfs;snoRNA;trf;6593345.0;0.0
Random;mature;hairpin;943905964.5;0.00399587777556496
Random;hairpin;trf;1048322617.0;0.0030393464628275255
Random;rRNA;tRNA;152745.0;0.00026176740249280416
G+C;mature;hairpin;1054115884.0;0.0
G+C;mature;rRNA;5693188.0;0.0
G+C;mature;tRNA;6633614.0;0.0
G+C;mature;snoRNA;25964968.5;0.0
G+C;mature;trf;286872202.0;0.0
G+C;hairpin;rRNA;12728500.5;0.0
G+C;hairpin;tRNA;15627329.0;0.0
G+C;hairpin;snoRNA;62656637.5;0.0
G+C;hairpin;trf;669102450.0;0.0
G+C;rRNA;tRNA;126676.5;1.3436197359307441e-05
G+C;rRNA;snoRNA;608361.5;0.0
G+C;rRNA;trf;5831670.5;0.0
G+C;tRNA;snoRNA;669000.5;0.0
G+C;tRNA;trf;7739353.0;0.0
G+C;snoRNA;trf;10815960.5;0.0
A+U;mature;hairpin;856950538.5;0.0
A+U;mature;rRNA;7640590.5;0.0
A+U;mature;tRNA;9372267.0;0.0
A+U;mature;snoRNA;15853828.0;0.0
A+U;mature;trf;487438859.0;0.0
A+U;hairpin;rRNA;22940678.0;0.0
A+U;hairpin;tRNA;27192158.0;0.0
A+U;hairpin;snoRNA;49212016.0;0.0
A+U;hairpin;trf;1402384973.0;0.0
A+U;rRNA;tRNA;172235.0;1.33139908212328e-05
A+U;rRNA;snoRNA;172669.0;0.0
A+U;rRNA;trf;8628351.5;0.0
A+U;tRNA;snoRNA;268489.5;0.0
A+U;tRNA;trf;9618284.5;0.0
A+U;snoRNA;trf;34531563.5;0.0
AA;mature;hairpin;797666056.5;0.0
AA;mature;rRNA;5389775.0;0.0
AA;mature;tRNA;6865052.0;0.0
AA;mature;snoRNA;17242947.0;0.0
AA;mature;trf;414444899.5;0.0
AA;hairpin;trf;1287217320.5;0.0
AA;rRNA;tRNA;166513.0;0.0011085387601173476
AA;rRNA;trf;9476782.5;0.0
AA;tRNA;snoRNA;439885.0;0.026615863151920136
AA;tRNA;trf;10886936.5;0.0
AA;snoRNA;trf;29160816.0;0.0
AC;mature;hairpin;931240717.5;0.0
AC;mature;rRNA;5729249.0;0.0
AC;mature;tRNA;9583986.5;0.0
AC;mature;snoRNA;19165749.5;0.0
AC;mature;trf;433426465.0;0.0
AC;hairpin;rRNA;14354558.0;0.0
AC;hairpin;tRNA;27483500.5;0.0
AC;hairpin;snoRNA;48328348.0;0.0
AC;hairpin;trf;1203492445.5;0.0
AC;rRNA;tRNA;239646.5;0.0
AC;rRNA;snoRNA;426148.5;0.002083967378882674
AC;rRNA;trf;9481660.5;0.0
AC;tRNA;snoRNA;222054.0;0.0
AC;snoRNA;trf;28687547.5;0.0
AG;mature;hairpin;974044644.5;0.0
AG;mature;rRNA;5758309.0;0.0
AG;mature;tRNA;6238336.0;0.0
AG;mature;snoRNA;22073813.0;0.00020776809467044408
AG;mature;trf;377627650.5;0.0
AG;hairpin;rRNA;14084339.5;0.0
AG;hairpin;tRNA;14226109.0;0.0
AG;hairpin;trf;979257959.0;0.0
AG;rRNA;tRNA;117364.5;0.0
AG;rRNA;snoRNA;504926.0;0.0
AG;rRNA;trf;8085606.0;0.0
AG;tRNA;snoRNA;668417.5;0.0
AG;tRNA;trf;10538213.5;0.0
AG;snoRNA;trf;20861935.5;0.0
AU;mature;hairpin;835100327.5;0.0
AU;mature;rRNA;5831313.5;0.0
AU;mature;snoRNA;14576433.5;0.0
AU;mature;trf;417206690.5;0.0
AU;hairpin;tRNA;25019905.0;0.0
AU;hairpin;snoRNA;44189133.5;0.0
AU;hairpin;trf;1268558280.0;0.0
AU;rRNA;tRNA;188422.0;0.0
AU;rRNA;snoRNA;256150.5;0.0
AU;rRNA;trf;9169235.0;0.0
AU;tRNA;snoRNA;237539.5;0.0
AU;tRNA;trf;9332974.5;0.001565629342419062
AU;snoRNA;trf;33305092.5;0.0
CA;mature;hairpin;909676103.5;0.0
CA;mature;snoRNA;17969008.5;0.0
CA;mature;trf;426047062.0;0.0
CA;hairpin;tRNA;22916459.0;0.003044364030208646
CA;hairpin;snoRNA;48451771.0;0.0
CA;hairpin;trf;1205863601.5;0.0
CA;rRNA;tRNA;160383.0;0.03664317671877892
CA;rRNA;snoRNA;294164.0;0.0
CA;rRNA;trf;8484152.0;0.0
CA;tRNA;snoRNA;340703.5;0.0
CA;tRNA;trf;9700798.5;0.0
CA;snoRNA;trf;29564446.0;0.0
CC;mature;hairpin;850740713.0;0.0
CC;mature;rRNA;4207219.0;0.0
CC;mature;tRNA;5871929.0;0.0
CC;mature;snoRNA;16940748.5;0.0
CC;mature;trf;323145409.0;0.0
CC;hairpin;rRNA;11430512.5;0.0
CC;hairpin;tRNA;16340256.5;0.0
CC;hairpin;snoRNA;49067362.0;0.0
CC;hairpin;trf;937524969.0;0.0
CC;rRNA;tRNA;168157.5;0.0003491858952350569
CC;rRNA;snoRNA;527157.0;0.0
CC;rRNA;trf;8034967.5;1.9451269679210994e-05
CC;tRNA;snoRNA;551421.0;0.0
CC;tRNA;trf;9085607.0;0.04928347763194657
CC;snoRNA;trf;21799465.5;0.009945506246744769
CG;mature;hairpin;928319273.0;0.0
CG;mature;rRNA;6321314.0;0.04691523914066314
CG;mature;tRNA;6280536.5;0.0
CG;mature;snoRNA;22649452.0;0.0
CG;mature;trf;284366066.5;0.0
CG;hairpin;tRNA;17191004.5;0.0
CG;hairpin;snoRNA;67349703.5;0.0
CG;hairpin;trf;750375288.5;0.0
CG;rRNA;tRNA;111855.0;0.0
CG;rRNA;snoRNA;485830.0;0.0
CG;rRNA;trf;5066529.0;0.0
CG;tRNA;snoRNA;660645.5;0.0
CG;tRNA;trf;7872016.5;9.582316145993905e-05
CG;snoRNA;trf;13349718.5;0.0
CU;mature;hairpin;902758358.5;0.0
CU;mature;rRNA;5054187.0;0.0
CU;mature;tRNA;8472033.0;0.014002300263862228
CU;mature;snoRNA;18325026.5;0.0
CU;mature;trf;424433800.0;0.0
CU;hairpin;rRNA;12551664.5;0.0
CU;hairpin;tRNA;23814105.5;0.0
CU;hairpin;snoRNA;50001310.0;0.0
CU;hairpin;trf;1204029171.0;0.0
CU;rRNA;tRNA;240361.5;0.0
CU;rRNA;snoRNA;512154.0;0.0
CU;rRNA;trf;10302434.5;0.0
CU;tRNA;snoRNA;303594.0;0.0
CU;tRNA;trf;9313336.5;0.0021608178402763136
CU;snoRNA;trf;28953996.0;0.0
GA;mature;rRNA;5594902.0;0.0
GA;mature;snoRNA;18292004.0;0.0
GA;mature;trf;408019707.5;0.0
GA;hairpin;rRNA;13504479.0;0.0
GA;hairpin;tRNA;20393285.5;0.04432960995743672
GA;hairpin;snoRNA;45328068.0;0.0
GA;hairpin;trf;1082316595.0;0.0
GA;rRNA;tRNA;200419.0;0.0
GA;rRNA;snoRNA;422660.5;0.005484454016409302
GA;rRNA;trf;9212767.5;0.0
GA;tRNA;snoRNA;368760.0;0.0
GA;tRNA;trf;9310213.5;0.0022720478292442927
GA;snoRNA;trf;27496925.0;0.0
GC;mature;rRNA;6027663.0;0.0002373848610595274
GC;mature;tRNA;7206792.5;3.0393840614890645e-05
GC;mature;snoRNA;23543445.0;0.0
GC;hairpin;rRNA;15533989.0;0.0
GC;hairpin;tRNA;18872103.5;0.0
GC;hairpin;snoRNA;61273660.0;0.0
GC;hairpin;trf;1025398546.0;0.011532115642431657
GC;rRNA;snoRNA;528340.0;0.0
GC;rRNA;trf;7949081.5;0.00013610322222482228
GC;tRNA;snoRNA;597255.5;0.0
GC;tRNA;trf;9603069.0;0.0
GC;snoRNA;trf;19844445.0;0.0
GG;mature;rRNA;4555026.5;0.0
GG;mature;tRNA;5385128.0;0.0
GG;mature;snoRNA;23049955.0;0.0
GG;mature;trf;287350208.5;0.0
GG;hairpin;rRNA;9921402.0;0.0
GG;hairpin;tRNA;12214054.0;0.0
GG;hairpin;snoRNA;61451982.0;0.0
GG;hairpin;trf;710642857.5;0.0
GG;rRNA;tRNA;130378.0;0.0002667921409642025
GG;rRNA;snoRNA;660064.5;0.0
GG;tRNA;snoRNA;765352.5;0.0
GG;snoRNA;trf;12578844.5;0.0
GU;mature;hairpin;924744537.0;0.0
GU;mature;tRNA;6412344.0;0.0
GU;mature;snoRNA;19174295.0;0.0
GU;mature;trf;328313709.5;0.0
GU;hairpin;rRNA;19859803.5;1.2487976522472135e-05
GU;hairpin;tRNA;15690623.0;0.0
GU;hairpin;snoRNA;51588725.0;0.0
GU;hairpin;trf;885007442.0;0.0
GU;rRNA;tRNA;67331.0;0.0
GU;rRNA;snoRNA;281703.0;0.0
GU;rRNA;trf;5528971.0;0.0
GU;tRNA;snoRNA;590729.5;0.0
GU;snoRNA;trf;20374782.0;0.0
UA;mature;hairpin;837562084.5;0.0
UA;mature;rRNA;4945159.5;0.0
UA;mature;tRNA;6944706.0;0.0
UA;mature;snoRNA;18340528.0;0.0
UA;mature;trf;376778544.0;0.0
UA;hairpin;rRNA;15308595.5;0.0
UA;hairpin;tRNA;20060762.0;0.007664840417042174
UA;hairpin;trf;1130594473.5;0.0
UA;rRNA;tRNA;172103.0;1.4887224796667734e-05
UA;rRNA;snoRNA;470819.5;0.0
UA;rRNA;trf;8584866.0;0.0
UA;tRNA;trf;9802763.5;0.0
UA;snoRNA;trf;24728863.0;0.0
UC;mature;hairpin;895921012.5;0.0
UC;mature;rRNA;6222678.5;0.010642202434813591
UC;mature;tRNA;6693426.5;0.0
UC;mature;snoRNA;19370344.0;0.0
UC;mature;trf;314166786.0;0.0
UC;hairpin;tRNA;17588160.5;0.0
UC;hairpin;trf;861107646.5;0.0
UC;rRNA;tRNA;102833.5;0.0
UC;rRNA;snoRNA;361182.0;0.011526974910540205
UC;rRNA;trf;5583257.5;0.0
UC;tRNA;snoRNA;581866.0;0.0
UC;tRNA;trf;8131340.5;0.00811658850476121
UC;snoRNA;trf;18249608.0;0.0
UG;mature;hairpin;989923835.0;0.0
UG;mature;rRNA;7046476.5;0.029062616925311847
UG;mature;tRNA;10421221.0;0.0
UG;mature;snoRNA;16342752.0;0.0
UG;mature;trf;479687492.5;0.0
UG;hairpin;tRNA;28078163.0;0.0
UG;hairpin;snoRNA;36411149.0;0.0
UG;hairpin;trf;1288097410.0;0.0
UG;rRNA;tRNA;218637.0;0.0
UG;rRNA;snoRNA;194448.5;0.0
UG;rRNA;trf;9354670.0;0.0
UG;tRNA;snoRNA;116246.5;0.0
UG;snoRNA;trf;34560382.0;0.0
UU;mature;hairpin;820493771.0;0.0
UU;mature;rRNA;7781053.5;0.0
UU;mature;tRNA;7599897.5;0.03474993495474904
UU;mature;snoRNA;16236710.0;0.0
UU;mature;trf;399365381.0;0.0
UU;hairpin;rRNA;24799016.5;0.0
UU;hairpin;tRNA;23861546.5;0.0
UU;hairpin;snoRNA;50726853.5;0.0
UU;hairpin;trf;1235424965.5;0.0
UU;rRNA;tRNA;88075.5;0.0
UU;rRNA;snoRNA;136213.5;0.0
UU;rRNA;trf;5973611.0;0.0
UU;tRNA;snoRNA;322153.5;0.0
UU;tRNA;trf;9634580.5;0.0
UU;snoRNA;trf;29928192.5;0.0
MFEI3;mature;hairpin;638718459.0;0.0
MFEI3;mature;rRNA;3236738.5;0.0
MFEI3;mature;tRNA;6381513.0;0.0
MFEI3;mature;snoRNA;10446495.5;0.0
MFEI3;mature;trf;256757053.0;0.0
MFEI3;hairpin;rRNA;7338048.0;0.0
MFEI3;hairpin;tRNA;21762639.5;0.0
MFEI3;hairpin;snoRNA;24701286.5;0.0
MFEI3;hairpin;trf;858385310.0;0.0
MFEI3;rRNA;tRNA;269368.0;0.0
MFEI3;rRNA;snoRNA;423824.5;0.00399318364277197
MFEI3;rRNA;trf;8650244.0;0.0
MFEI3;tRNA;snoRNA;100887.5;0.0
MFEI3;tRNA;trf;7734358.0;0.0
MFEI3;snoRNA;trf;26951196.0;0.0
MFEI4;mature;hairpin;915165116.0;0.0
MFEI4;mature;rRNA;8540642.0;0.0
MFEI4;mature;tRNA;10050971.5;0.0
MFEI4;mature;snoRNA;25054064.5;0.0
MFEI4;mature;trf;262846417.5;0.0
MFEI4;hairpin;rRNA;23537032.0;0.0
MFEI4;hairpin;tRNA;27410034.0;0.0
MFEI4;hairpin;snoRNA;59922100.0;0.0
MFEI4;hairpin;trf;540100852.5;0.0
MFEI4;rRNA;snoRNA;227089.5;0.0
MFEI4;rRNA;trf;2269513.5;0.0
MFEI4;tRNA;snoRNA;305615.5;0.0
MFEI4;tRNA;trf;2916070.5;0.0
MFEI4;snoRNA;trf;10162886.0;0.0
MFEI5;mature;hairpin;1571164462.0;0.0
MFEI5;mature;rRNA;13195416.0;0.0
MFEI5;mature;tRNA;15838711.5;0.0
MFEI5;mature;snoRNA;40988598.0;0.0
MFEI5;mature;trf;474098708.0;0.0
MFEI5;hairpin;rRNA;27107028.5;0.0
MFEI5;hairpin;tRNA;33055402.5;0.0
MFEI5;hairpin;snoRNA;80726410.0;0.0
MFEI5;hairpin;trf;524127204.5;0.0
MFEI5;rRNA;tRNA;170983.5;1.602891628060677e-05
MFEI5;rRNA;snoRNA;355520.0;0.001946950496180917
MFEI5;rRNA;trf;374205.5;0.0
MFEI5;tRNA;snoRNA;379388.0;0.0
MFEI5;tRNA;trf;440707.5;0.0
MFEI5;snoRNA;trf;2216326.5;0.0
dG;mature;hairpin;1527324455.0;0.0
dG;mature;rRNA;13079949.0;0.0
dG;mature;tRNA;15568344.0;0.0
dG;mature;snoRNA;39883250.5;0.0
dG;mature;trf;479337353.5;0.0
dG;hairpin;rRNA;27765799.5;0.0
dG;hairpin;tRNA;33103639.5;0.0
dG;hairpin;snoRNA;75834304.5;0.0
dG;hairpin;trf;634015873.5;0.0
dG;rRNA;tRNA;168088.0;0.0003676246561876194
dG;rRNA;snoRNA;240800.5;0.0
dG;rRNA;trf;1048072.0;0.0
dG;tRNA;snoRNA;289584.5;0.0
dG;tRNA;trf;1432762.5;0.0
dG;snoRNA;trf;5991180.0;0.0
dP;mature;hairpin;450379743.5;0.0
dP;mature;rRNA;664692.0;0.0
dP;mature;tRNA;714209.5;0.0
dP;mature;snoRNA;2660620.0;0.0
dP;mature;trf;327571919.0;0.0
dP;hairpin;rRNA;10245126.5;0.0
dP;hairpin;tRNA;11103052.5;0.0
dP;hairpin;snoRNA;35562472.5;0.0
dP;hairpin;trf;1486249643.0;0.0
dP;rRNA;tRNA;128138.0;4.620135273886005e-05
dP;rRNA;snoRNA;426211.5;0.0020452008147292325
dP;rRNA;trf;13564551.0;0.0
dP;tRNA;snoRNA;571326.0;0.0
dP;tRNA;trf;16393912.5;0.0
dP;snoRNA;trf;41653210.0;0.0
dD;mature;hairpin;811322368.0;0.0
dD;mature;rRNA;2891280.5;0.0
dD;mature;tRNA;4574081.0;0.0
dD;mature;snoRNA;10797367.0;0.0
dD;hairpin;rRNA;11383674.5;0.0
dD;hairpin;tRNA;16707085.0;0.0
dD;hairpin;snoRNA;39822800.5;0.0
dD;hairpin;trf;1180008067.0;0.0
dD;rRNA;tRNA;177987.0;0.0
dD;rRNA;snoRNA;426193.0;0.002057032335033396
dD;rRNA;trf;11130308.0;0.0
dD;tRNA;snoRNA;425582.0;0.0009100725852260208
dD;tRNA;trf;12183087.0;0.0
dD;snoRNA;trf;33139258.5;0.0
dQ;mature;hairpin;828540200.5;0.0
dQ;mature;rRNA;2912845.0;0.0
dQ;mature;tRNA;4840303.5;0.0
dQ;mature;snoRNA;10968797.0;0.0
dQ;mature;trf;391715784.5;0.016271206565305726
dQ;hairpin;rRNA;11358251.5;0.0
dQ;hairpin;tRNA;17289803.5;0.0
dQ;hairpin;snoRNA;39521619.5;0.0
dQ;hairpin;trf;1177871490.0;0.0
dQ;rRNA;tRNA;184440.0;0.0
dQ;rRNA;snoRNA;423429.5;0.004463446149955229
dQ;rRNA;trf;11198487.5;0.0
dQ;tRNA;snoRNA;405443.5;0.0
dQ;tRNA;trf;12040221.0;0.0
dQ;snoRNA;trf;33305481.5;0.0
PosEntropy;mature;hairpin;795023183.5;0.0
PosEntropy;mature;rRNA;2220709.0;0.0
PosEntropy;mature;tRNA;5018411.5;0.0
PosEntropy;mature;snoRNA;8536738.5;0.0
PosEntropy;mature;trf;393301801.0;0.001198001947000179
PosEntropy;hairpin;rRNA;9846657.5;0.0
PosEntropy;hairpin;tRNA;18507293.0;0.0
PosEntropy;hairpin;snoRNA;35208554.5;0.0
PosEntropy;hairpin;trf;1214745122.5;0.0
PosEntropy;rRNA;tRNA;209905.5;0.0
PosEntropy;rRNA;snoRNA;431908.5;0.0003504707809864205
PosEntropy;rRNA;trf;11944846.5;0.0
PosEntropy;tRNA;snoRNA;329797.0;0.0
PosEntropy;tRNA;trf;11892335.5;0.0
PosEntropy;snoRNA;trf;35876506.0;0.0
EAFE;mature;hairpin;1490782075.5;0.0
EAFE;mature;rRNA;13068532.0;0.0
EAFE;mature;tRNA;15569789.5;0.0
EAFE;mature;snoRNA;39780653.0;0.0
EAFE;mature;trf;483022574.0;0.0
EAFE;hairpin;rRNA;27826940.5;0.0
EAFE;hairpin;tRNA;33676118.0;0.0
EAFE;hairpin;snoRNA;75658875.0;0.0
EAFE;hairpin;trf;667795325.0;0.0
EAFE;rRNA;tRNA;175530.5;0.0
EAFE;rRNA;snoRNA;234766.0;0.0
EAFE;rRNA;trf;1088524.0;0.0
EAFE;tRNA;snoRNA;266239.5;0.0
EAFE;tRNA;trf;1392851.5;0.0
EAFE;snoRNA;trf;6207902.0;0.0
Div/ty;mature;hairpin;1502125504.5;0.0
Div/ty;mature;rRNA;13216877.0;0.0
Div/ty;mature;tRNA;15656919.5;0.0
Div/ty;mature;snoRNA;41478754.5;0.0
Div/ty;hairpin;rRNA;33310357.0;0.0
Div/ty;hairpin;tRNA;33682255.5;0.0
Div/ty;hairpin;snoRNA;100897786.0;0.0
Div/ty;hairpin;trf;463458700.5;0.0
Div/ty;rRNA;tRNA;64535.5;0.0
Div/ty;rRNA;snoRNA;329147.0;0.0
Div/ty;rRNA;trf;146876.0;0.0
Div/ty;tRNA;snoRNA;668944.5;0.0
Div/ty;tRNA;trf;503059.5;0.0
Div/ty;snoRNA;trf;491089.5;0.0
Freq;mature;hairpin;423771102.0;0.0
Freq;mature;rRNA;170127.0;0.0
Freq;mature;tRNA;351972.0;0.0
Freq;mature;snoRNA;275755.5;0.0
Freq;mature;trf;375495681.5;0.0
Freq;hairpin;rRNA;3088641.0;0.0
Freq;hairpin;tRNA;11220037.0;0.0
Freq;hairpin;snoRNA;14727556.0;0.0
Freq;hairpin;trf;1571536095.5;0.0
Freq;rRNA;tRNA;245511.0;0.0
Freq;rRNA;snoRNA;478060.0;0.0
Freq;rRNA;trf;14239146.0;0.0
Freq;tRNA;snoRNA;252835.0;0.0
Freq;tRNA;trf;16702525.0;0.0
Freq;snoRNA;trf;44745577.5;0.0
Diff;mature;hairpin;514175354.5;0.0
Diff;mature;rRNA;1019172.0;0.0
Diff;mature;tRNA;1760975.0;0.0
Diff;mature;snoRNA;3442467.5;0.0
Diff;mature;trf;375640136.0;0.0
Diff;hairpin;rRNA;8763911.0;0.0
Diff;hairpin;tRNA;15574044.0;0.0
Diff;hairpin;snoRNA;34138696.0;0.0
Diff;hairpin;trf;1472657757.5;0.0
Diff;rRNA;trf;12998894.0;0.0
Diff;tRNA;trf;15098081.0;0.0
Diff;snoRNA;trf;40575673.0;0.0
dH;mature;hairpin;1659952575.0;0.0
dH;mature;rRNA;13275783.5;0.0
dH;mature;tRNA;15953766.0;0.0
dH;mature;snoRNA;41682210.0;0.0
dH;mature;trf;434340179.5;0.0
dH;hairpin;rRNA;34151535.5;0.0
dH;hairpin;tRNA;39681684.0;0.0
dH;hairpin;snoRNA;106178898.0;0.0
dH;hairpin;trf;234300300.5;0.0
dH;rRNA;tRNA;9263.0;0.0
dH;rRNA;snoRNA;259370.0;0.0
dH;rRNA;trf;24401.5;0.0
dH;tRNA;snoRNA;767049.5;0.0
dH;tRNA;trf;12.0;0.0
dH;snoRNA;trf;930.0;0.0
dH/L;mature;hairpin;1554405582.5;0.0
dH/L;mature;rRNA;13154003.5;0.0
dH/L;mature;tRNA;15887678.0;0.0
dH/L;mature;snoRNA;41405189.5;0.0
dH/L;mature;trf;426633142.0;0.0
dH/L;hairpin;rRNA;30841919.0;0.0
dH/L;hairpin;tRNA;36341995.0;0.0
dH/L;hairpin;snoRNA;89415632.5;0.0
dH/L;hairpin;trf;372397090.0;0.0
dH/L;rRNA;snoRNA;256777.0;0.0
dH/L;rRNA;trf;184165.0;0.0
dH/L;tRNA;snoRNA;342310.5;0.0
dH/L;tRNA;trf;134632.5;0.0
dH/L;snoRNA;trf;563329.5;0.0
dS;mature;hairpin;1658575132.0;0.0
dS;mature;rRNA;13273284.0;0.0
dS;mature;tRNA;15953766.0;0.0
dS;mature;snoRNA;41682210.0;0.0
dS;mature;trf;430668849.0;0.0
dS;hairpin;rRNA;34152804.5;0.0
dS;hairpin;tRNA;39849219.0;0.0
dS;hairpin;snoRNA;106421270.5;0.0
dS;hairpin;trf;234224433.5;0.0
dS;rRNA;tRNA;9008.0;0.0
dS;rRNA;snoRNA;255971.5;0.0
dS;rRNA;trf;27645.0;0.0
dS;tRNA;snoRNA;775073.5;0.0
dS;tRNA;trf;15.0;0.0
dS;snoRNA;trf;1184.0;0.0
dS/L;mature;hairpin;1540983294.5;0.0
dS/L;mature;rRNA;13133132.5;0.0
dS/L;mature;tRNA;15866642.5;0.0
dS/L;mature;snoRNA;41307357.5;0.0
dS/L;mature;trf;421220222.5;0.0
dS/L;hairpin;rRNA;31070223.5;0.0
dS/L;hairpin;tRNA;36552504.5;0.0
dS/L;hairpin;snoRNA;89835189.5;0.0
dS/L;hairpin;trf;382030126.0;0.0
dS/L;rRNA;snoRNA;253276.5;0.0
dS/L;rRNA;trf;209785.0;0.0
dS/L;tRNA;snoRNA;346335.5;0.0
dS/L;tRNA;trf;159887.5;0.0
dS/L;snoRNA;trf;682583.0;0.0
|A-U|/L;mature;hairpin;646956321.5;0.0
|A-U|/L;mature;rRNA;5377138.0;0.0
|A-U|/L;mature;tRNA;5853662.0;0.0
|A-U|/L;mature;snoRNA;14797989.0;0.0
|A-U|/L;hairpin;rRNA;21020322.5;0.0
|A-U|/L;hairpin;tRNA;23449857.0;6.015952375407882e-05
|A-U|/L;hairpin;snoRNA;60824542.5;0.0
|A-U|/L;hairpin;trf;1380821191.5;0.0
|A-U|/L;rRNA;tRNA;129730.0;0.00016231509130749803
|A-U|/L;rRNA;snoRNA;335614.5;0.0
|A-U|/L;rRNA;trf;8692491.0;0.0
|A-U|/L;tRNA;trf;11218254.0;0.0
|A-U|/L;snoRNA;trf;29554995.5;0.0
|G-C|/L;mature;hairpin;840443167.5;0.0
|G-C|/L;mature;rRNA;6252008.5;0.01705807899378816
|G-C|/L;mature;tRNA;5836841.5;0.0
|G-C|/L;mature;snoRNA;22977446.0;0.0
|G-C|/L;mature;trf;305084097.5;0.0
|G-C|/L;hairpin;tRNA;18264898.0;0.0
|G-C|/L;hairpin;snoRNA;68767821.5;0.0
|G-C|/L;hairpin;trf;938051188.0;0.0
|G-C|/L;rRNA;tRNA;109767.5;0.0
|G-C|/L;rRNA;snoRNA;511972.5;0.0
|G-C|/L;rRNA;trf;5922868.5;0.0
|G-C|/L;tRNA;snoRNA;699614.5;0.0
|G-C|/L;snoRNA;trf;15109739.5;0.0
|G-U|/L;mature;hairpin;686155805.0;0.0
|G-U|/L;mature;rRNA;3354610.5;0.0
|G-U|/L;mature;tRNA;4215072.5;0.0
|G-U|/L;mature;snoRNA;10466761.0;0.0
|G-U|/L;mature;trf;364641240.5;0.0
|G-U|/L;hairpin;rRNA;12667734.5;0.0
|G-U|/L;hairpin;tRNA;16229090.0;0.0
|G-U|/L;hairpin;snoRNA;40974193.0;0.0
|G-U|/L;hairpin;trf;1250031088.5;0.0
|G-U|/L;rRNA;trf;10290297.0;0.0
|G-U|/L;tRNA;trf;12237702.0;0.0
|G-U|/L;snoRNA;trf;32168517.0;0.0
Avg_BP_stems;mature;hairpin;260424837.0;0.0
Avg_BP_stems;mature;rRNA;1520810.5;0.0
Avg_BP_stems;mature;tRNA;1998141.0;0.0
Avg_BP_stems;mature;snoRNA;4863361.0;0.0
Avg_BP_stems;mature;trf;156556498.0;0.0
Avg_BP_stems;hairpin;rRNA;14836658.0;0.03114928187110444
Avg_BP_stems;hairpin;snoRNA;46352817.0;5.5578272853994406e-05
Avg_BP_stems;hairpin;trf;944231569.0;0.0
Avg_BP_stems;rRNA;tRNA;167332.5;0.0006240893489670176
Avg_BP_stems;rRNA;trf;8143391.0;0.0
Avg_BP_stems;tRNA;snoRNA;412991.5;1.8066949054456523e-05
Avg_BP_stems;tRNA;trf;9545601.5;0.0
Avg_BP_stems;snoRNA;trf;25445182.0;0.0
(A-U)/stems;mature;hairpin;724279554.0;0.0
(A-U)/stems;mature;rRNA;6670277.5;0.0
(A-U)/stems;mature;tRNA;7991388.5;0.0
(A-U)/stems;mature;snoRNA;20807899.0;0.0
(A-U)/stems;mature;trf;207367182.0;0.0
(A-U)/stems;hairpin;rRNA;26358092.0;0.0
(A-U)/stems;hairpin;tRNA;28432597.0;0.0
(A-U)/stems;hairpin;snoRNA;76839775.0;0.0
(A-U)/stems;hairpin;trf;535726533.5;0.0
(A-U)/stems;rRNA;tRNA;91282.0;0.0
(A-U)/stems;rRNA;snoRNA;302980.5;0.0
(A-U)/stems;rRNA;trf;2658287.5;0.0
(A-U)/stems;tRNA;snoRNA;541040.5;0.0
(A-U)/stems;tRNA;trf;3329513.5;0.0
(A-U)/stems;snoRNA;trf;8760143.0;0.0
(G-C)/stems;mature;hairpin;897323344.0;0.0
(G-C)/stems;mature;rRNA;8083018.0;0.0
(G-C)/stems;mature;tRNA;9683675.0;0.0
(G-C)/stems;mature;snoRNA;25354187.0;0.0
(G-C)/stems;mature;trf;163624407.5;0.0
(G-C)/stems;hairpin;rRNA;26545535.0;0.0
(G-C)/stems;hairpin;tRNA;27220513.0;0.0
(G-C)/stems;hairpin;snoRNA;84041055.5;0.0
(G-C)/stems;hairpin;trf;170883848.5;0.0
(G-C)/stems;rRNA;tRNA;64112.0;0.0
(G-C)/stems;rRNA;snoRNA;439189.0;2.6350858063007014e-05
(G-C)/stems;rRNA;trf;76770.5;0.0
(G-C)/stems;tRNA;snoRNA;745310.0;0.0
(G-C)/stems;tRNA;trf;162623.5;0.0
(G-C)/stems;snoRNA;trf;239531.5;0.0
(G-U)/stems;mature;hairpin;598453614.0;0.0
(G-U)/stems;mature;rRNA;4767779.0;0.0
(G-U)/stems;mature;tRNA;5761308.0;0.0
(G-U)/stems;mature;snoRNA;14983527.5;0.0
(G-U)/stems;mature;trf;175829899.0;0.0
(G-U)/stems;hairpin;rRNA;23041698.5;0.0
(G-U)/stems;hairpin;tRNA;23533194.5;0.0
(G-U)/stems;hairpin;snoRNA;68376323.0;0.0
(G-U)/stems;hairpin;trf;571523178.0;0.0
(G-U)/stems;rRNA;tRNA;86762.5;0.0
(G-U)/stems;rRNA;snoRNA;318225.0;0.0
(G-U)/stems;rRNA;trf;4285274.0;0.0
(G-U)/stems;tRNA;snoRNA;591029.0;0.0
(G-U)/stems;tRNA;trf;5178538.5;0.0
(G-U)/stems;snoRNA;trf;13465447.0;0.0
G/C;mature;hairpin;987015546.0;0.0
G/C;mature;tRNA;7122001.5;3.27356879115098e-05
G/C;mature;snoRNA;22081168.0;0.0
G/C;mature;trf;371962163.5;0.0
G/C;hairpin;tRNA;16293982.5;0.0
G/C;hairpin;trf;928069018.0;0.0
G/C;rRNA;tRNA;94509.0;0.0
G/C;rRNA;snoRNA;434828.5;0.00012958879169094184
G/C;rRNA;trf;6596433.0;0.0011437991155908791
G/C;tRNA;snoRNA;660533.5;0.0
G/C;tRNA;trf;9238615.5;0.004441448687407526
G/C;snoRNA;trf;19809656.5;0.0
BP/GC;mature;hairpin;497541049.0;0.0
BP/GC;mature;rRNA;1237411.5;0.0
BP/GC;mature;tRNA;2056064.0;0.0
BP/GC;mature;snoRNA;2567875.5;0.0
BP/GC;mature;trf;370078048.5;0.0
BP/GC;hairpin;rRNA;11056234.0;0.0
BP/GC;hairpin;tRNA;16102225.5;0.0
BP/GC;hairpin;snoRNA;26456562.0;0.0
BP/GC;hairpin;trf;1524851634.0;0.0
BP/GC;rRNA;tRNA;185948.0;0.0
BP/GC;rRNA;snoRNA;276487.5;0.0
BP/GC;rRNA;trf;13180400.0;0.0
BP/GC;tRNA;snoRNA;253250.5;0.0
BP/GC;tRNA;trf;15228221.0;0.0
BP/GC;snoRNA;trf;42698361.0;0.0
BP/AU;mature;hairpin;797851090.5;0.0
BP/AU;mature;rRNA;3013140.5;0.0
BP/AU;mature;tRNA;4089010.0;0.0
BP/AU;mature;snoRNA;11245265.0;0.0
BP/AU;mature;trf;310976702.5;0.0
BP/AU;hairpin;rRNA;9221984.5;0.0
BP/AU;hairpin;tRNA;12745304.0;0.0
BP/AU;hairpin;snoRNA;35492175.5;0.0
BP/AU;hairpin;trf;984956523.5;0.0
BP/AU;rRNA;tRNA;166586.5;0.0010550616404577681
BP/AU;rRNA;snoRNA;450840.5;0.0
BP/AU;rRNA;trf;9715285.5;0.0
BP/AU;tRNA;trf;11055590.5;0.0
BP/AU;snoRNA;trf;28230557.5;0.0
BP/GU;mature;hairpin;748096078.0;0.0
BP/GU;mature;rRNA;4794806.0;0.0
BP/GU;mature;tRNA;5721143.0;0.0
BP/GU;mature;snoRNA;15076854.0;0.0
BP/GU;mature;trf;338602401.0;0.0
BP/GU;hairpin;tRNA;19813825.0;0.0016022292002271527
BP/GU;hairpin;trf;1134036754.5;0.0
BP/GU;rRNA;trf;8227368.0;0.0
BP/GU;tRNA;snoRNA;501961.5;0.010569233345348001
BP/GU;tRNA;trf;9991186.0;0.0
BP/GU;snoRNA;trf;25758650.0;0.0
Len;mature;hairpin;234566238.5;0.0
Len;mature;rRNA;0.0;0.0
Len;mature;tRNA;0.0;0.0
Len;mature;snoRNA;0.0;0.0
Len;mature;trf;382015252.5;0.006647252889261321
Len;hairpin;rRNA;58757.5;0.0
Len;hairpin;tRNA;1463738.0;0.0
Len;hairpin;snoRNA;1307833.0;0.0
Len;hairpin;trf;1795596073.5;0.0
Len;rRNA;tRNA;296293.5;0.0
Len;rRNA;snoRNA;493046.5;0.0
Len;rRNA;trf;14460022.0;0.0
Len;tRNA;snoRNA;101634.5;0.0
Len;tRNA;trf;17357822.0;0.0
Len;snoRNA;trf;45350367.0;0.0
CE/L;mature;hairpin;1405698708.5;0.0
CE/L;mature;rRNA;12361223.0;0.0
CE/L;mature;tRNA;14932517.0;0.0
CE/L;mature;snoRNA;37002265.0;0.0
CE/L;mature;trf;468165798.0;0.0
CE/L;hairpin;rRNA;24848568.5;0.0
CE/L;hairpin;tRNA;31112267.0;0.0
CE/L;hairpin;snoRNA;70006373.5;0.0
CE/L;hairpin;trf;751241129.5;0.0
CE/L;rRNA;tRNA;171939.5;1.7207145007461327e-05
CE/L;rRNA;snoRNA;307612.5;0.0
CE/L;rRNA;trf;2305506.5;0.0
CE/L;tRNA;snoRNA;316210.5;0.0
CE/L;tRNA;trf;2452211.0;0.0
CE/L;snoRNA;trf;9941483.5;0.0
CE_dist;mature;hairpin;438316332.0;0.0
CE_dist;mature;rRNA;174037.5;0.0
CE_dist;mature;tRNA;488283.5;0.0
CE_dist;mature;snoRNA;407004.5;0.0
CE_dist;mature;trf;377034980.0;0.0
CE_dist;hairpin;rRNA;3295588.5;0.0
CE_dist;hairpin;tRNA;11382378.5;0.0
CE_dist;hairpin;snoRNA;15439465.0;0.0
CE_dist;hairpin;trf;1558289057.0;0.0
CE_dist;rRNA;tRNA;241212.0;0.0
CE_dist;rRNA;snoRNA;476623.5;0.0
CE_dist;rRNA;trf;14226018.5;0.0
CE_dist;tRNA;snoRNA;264268.0;0.0
CE_dist;tRNA;trf;16550893.5;0.0
CE_dist;snoRNA;trf;44571056.5;0.0
zP;mature;hairpin;538784445.0;0.0
zP;mature;rRNA;2294941.5;0.0
zP;mature;tRNA;2876621.0;0.0
zP;mature;snoRNA;7873410.0;0.0
zP;mature;trf;350772498.5;0.0
zP;hairpin;rRNA;11981947.0;0.0
zP;hairpin;tRNA;14945108.5;0.0
zP;hairpin;snoRNA;40383120.0;0.0
zP;hairpin;trf;1345768997.0;0.0
zP;rRNA;snoRNA;415454.0;0.031130170640346747
zP;rRNA;trf;11817856.0;0.0
zP;tRNA;trf;14046384.5;0.0
zP;snoRNA;trf;36243669.5;0.0
zD;mature;hairpin;1430650100.5;0.0
zD;mature;rRNA;12636670.0;0.0
zD;mature;tRNA;14107659.5;0.0
zD;mature;snoRNA;39373468.5;0.0
zD;mature;trf;410196134.5;0.0
zD;hairpin;rRNA;27807853.5;0.0
zD;hairpin;tRNA;26754910.0;0.0
zD;hairpin;snoRNA;85298768.5;0.0
zD;hairpin;trf;559751569.5;0.0
zD;rRNA;tRNA;91617.0;0.0
zD;rRNA;trf;903749.5;0.0
zD;tRNA;snoRNA;629076.5;0.0
zD;tRNA;trf;2377044.0;0.0
zD;snoRNA;trf;3153208.5;0.0
zQ;mature;hairpin;1331011559.0;0.0
zQ;mature;rRNA;12044421.0;0.0
zQ;mature;tRNA;12953435.5;0.0
zQ;mature;snoRNA;37273282.5;0.0
zQ;mature;trf;395176540.5;2.1233191365380476e-05
zQ;hairpin;rRNA;26951198.0;0.0
zQ;hairpin;tRNA;25761661.0;0.0
zQ;hairpin;snoRNA;82149971.5;0.0
zQ;hairpin;trf;638137364.5;0.0
zQ;rRNA;tRNA;95038.5;0.0
zQ;rRNA;snoRNA;366820.5;0.041364726015457765
zQ;rRNA;trf;1433406.5;0.0
zQ;tRNA;snoRNA;615531.5;0.0
zQ;tRNA;trf;3405684.0;0.0
zQ;snoRNA;trf;5056776.5;0.0
zSP;mature;hairpin;1524589904.0;0.0
zSP;mature;rRNA;12648614.0;0.0
zSP;mature;tRNA;14700384.5;0.0
zSP;mature;snoRNA;39064275.5;0.0
zSP;mature;trf;424934107.0;0.0
zSP;hairpin;rRNA;26535598.5;0.0
zSP;hairpin;tRNA;28068346.0;0.0
zSP;hairpin;snoRNA;79103532.0;0.0
zSP;hairpin;trf;516158786.5;0.0
zSP;rRNA;tRNA;103743.0;0.0
zSP;rRNA;snoRNA;351355.0;0.0007077189531075935
zSP;rRNA;trf;1185938.0;0.0
zSP;tRNA;snoRNA;557292.0;0.0
zSP;tRNA;trf;2137000.0;0.0
zSP;snoRNA;trf;4567811.0;0.0
dF;mature;hairpin;489363008.5;0.0
dF;mature;rRNA;2350805.5;0.0
dF;mature;tRNA;2682520.5;0.0
dF;mature;snoRNA;7367451.0;0.0
dF;mature;trf;369057506.0;0.0
dF;hairpin;rRNA;25245480.0;0.0
dF;hairpin;tRNA;17376740.5;0.0
dF;hairpin;snoRNA;72913239.5;0.0
dF;hairpin;trf;1471161164.5;0.0
dF;rRNA;tRNA;22891.0;0.0
dF;rRNA;snoRNA;283190.5;0.0
dF;rRNA;trf;11208867.5;0.0
dF;tRNA;snoRNA;794913.0;0.0
dF;tRNA;trf;13745885.5;0.0
dF;snoRNA;trf;35208214.5;0.0
